{
  "ReRoutes": [

    {
      "DownstreamPathTemplate": "/api/frontoffice-app/authenticate",
      "DownstreamScheme": "http",
      "DownstreamHostAndPorts": [
        {
          "Host": "localhost",
          "Port": 5002
        }
      ],
      "UpstreamPathTemplate": "/frontoffice-app/authenticate",
      "UpstreamHttpMethod": [ "Post" ]
    },
    {
      "DownstreamPathTemplate": "/api/order",
      "DownstreamScheme": "http",
      "DownstreamHostAndPorts": [
        {
          "Host": "localhost",
          "Port": 5002
        }
      ],
      "UpstreamPathTemplate": "/account/deposit",
      "UpstreamHttpMethod": [ "Post" ],
      "AuthenticationOptions": {
        "AuthenticationProviderKey": "Bearer",
        "AllowedScopes": []
      }
    }
  ],
  "GlobalConfiguration": {    
    "UseServiceDiscovery": false
  }
}